BusinessEntityID,RateChangeDate,Rate,PayFrequency,ModifiedDate
1,2009-01-14,125.50,2,2014-06-30 00:00:00.000
1,2010-01-14,131.775,2,2014-06-30 00:00:00.000
1,2011-01-14,129.265,2,2014-06-30 00:00:00.000
1,2011-07-14,130.52,2,2014-06-30 00:00:00.000
2,2008-01-31,63.4615,2,2014-06-30 00:00:00.000
2,2009-01-31,66.6346,2,2014-06-30 00:00:00.000
2,2010-01-31,65.3653,2,2014-06-30 00:00:00.000
2,2010-07-31,66.00,2,2014-06-30 00:00:00.000
3,2007-11-11,43.2692,2,2014-06-30 00:00:00.000
3,2008-11-11,45.4327,2,2014-06-30 00:00:00.000
3,2009-11-11,44.5673,2,2014-06-30 00:00:00.000
3,2010-05-11,45.00,2,2014-06-30 00:00:00.000
4,2007-12-05,8.62,2,2007-11-21 00:00:00.000
4,2008-12-05,9.051,2,2007-11-21 00:00:00.000
4,2009-12-05,8.8786,2,2007-11-21 00:00:00.000
4,2010-05-31,23.72,2,2010-05-16 00:00:00.000
4,2011-05-31,24.906,2,2010-05-16 00:00:00.000
4,2011-12-15,29.8462,2,2011-12-01 00:00:00.000
4,2012-05-31,24.4316,2,2010-05-16 00:00:00.000
4,2012-12-15,31.3385,2,2011-12-01 00:00:00.000
4,2013-12-15,30.7416,2,2011-12-01 00:00:00.000
5,2008-01-06,32.6923,2,2014-06-30 00:00:00.000
5,2009-01-06,34.3269,2,2014-06-30 00:00:00.000
5,2010-01-06,33.6731,2,2014-06-30 00:00:00.000
5,2010-07-06,34.00,2,2014-06-30 00:00:00.000
6,2008-01-24,32.6923,2,2014-06-30 00:00:00.000
6,2009-01-24,34.3269,2,2014-06-30 00:00:00.000
6,2010-01-24,33.6731,2,2014-06-30 00:00:00.000
6,2010-07-24,34.00,2,2014-06-30 00:00:00.000
7,2009-02-08,50.4808,2,2014-06-30 00:00:00.000
7,2010-02-08,53.0048,2,2014-06-30 00:00:00.000
7,2011-02-08,51.9952,2,2014-06-30 00:00:00.000
7,2011-08-08,52.50,2,2014-06-30 00:00:00.000
8,2008-12-29,40.8654,2,2014-06-30 00:00:00.000
8,2009-12-29,42.9087,2,2014-06-30 00:00:00.000
8,2010-12-29,42.0914,2,2014-06-30 00:00:00.000
8,2011-06-29,42.50,2,2014-06-30 00:00:00.000
9,2009-01-16,40.8654,2,2014-06-30 00:00:00.000
9,2010-01-16,42.9087,2,2014-06-30 00:00:00.000
9,2011-01-16,42.0914,2,2014-06-30 00:00:00.000
9,2011-07-16,42.50,2,2014-06-30 00:00:00.000
10,2009-05-03,42.4808,2,2014-06-30 00:00:00.000
10,2010-05-03,44.6048,2,2014-06-30 00:00:00.000
10,2011-05-03,43.7552,2,2014-06-30 00:00:00.000
10,2011-11-03,44.18,2,2014-06-30 00:00:00.000
11,2010-12-05,28.8462,2,2014-06-30 00:00:00.000
11,2011-12-05,30.2885,2,2014-06-30 00:00:00.000
11,2012-12-05,29.7116,2,2014-06-30 00:00:00.000
11,2013-06-05,30.00,2,2014-06-30 00:00:00.000
12,2007-12-11,25.00,2,2014-06-30 00:00:00.000
12,2008-12-11,26.25,2,2014-06-30 00:00:00.000
12,2009-12-11,25.75,2,2014-06-30 00:00:00.000
12,2010-06-11,26.00,2,2014-06-30 00:00:00.000
13,2010-12-23,25.00,2,2014-06-30 00:00:00.000
13,2011-12-23,26.25,2,2014-06-30 00:00:00.000
13,2012-12-23,25.75,2,2014-06-30 00:00:00.000
13,2013-06-23,26.00,2,2014-06-30 00:00:00.000
14,2010-12-30,36.0577,2,2014-06-30 00:00:00.000
14,2011-12-30,37.8606,2,2014-06-30 00:00:00.000
14,2012-12-30,37.1394,2,2014-06-30 00:00:00.000
14,2013-06-30,37.50,2,2014-06-30 00:00:00.000
15,2011-01-18,32.6923,2,2014-06-30 00:00:00.000
15,2012-01-18,34.3269,2,2014-06-30 00:00:00.000
15,2013-01-18,33.6731,2,2014-06-30 00:00:00.000
15,2013-07-18,34.00,2,2014-06-30 00:00:00.000
16,2007-12-20,24.00,2,2007-12-06 00:00:00.000
16,2008-12-20,25.20,2,2007-12-06 00:00:00.000
16,2009-07-15,28.75,2,2009-07-01 00:00:00.000
16,2009-12-20,24.72,2,2007-12-06 00:00:00.000
16,2010-07-15,30.1875,2,2009-07-01 00:00:00.000
16,2011-07-15,29.6125,2,2009-07-01 00:00:00.000
16,2012-04-30,37.50,2,2012-04-16 00:00:00.000
16,2013-04-30,39.375,2,2012-04-16 00:00:00.000
16,2014-04-30,38.625,2,2012-04-16 00:00:00.000
17,2007-01-26,13.4615,2,2014-06-30 00:00:00.000
17,2008-01-26,14.1346,2,2014-06-30 00:00:00.000
17,2009-01-26,13.8653,2,2014-06-30 00:00:00.000
17,2009-07-26,14.00,2,2014-06-30 00:00:00.000
18,2011-02-07,14.4231,2,2014-06-30 00:00:00.000
18,2012-02-07,15.1443,2,2014-06-30 00:00:00.000
18,2013-02-07,14.8558,2,2014-06-30 00:00:00.000
18,2013-08-07,15.00,2,2014-06-30 00:00:00.000
19,2011-02-14,13.4615,2,2014-06-30 00:00:00.000
19,2012-02-14,14.1346,2,2014-06-30 00:00:00.000
19,2013-02-14,13.8653,2,2014-06-30 00:00:00.000
19,2013-08-14,14.00,2,2014-06-30 00:00:00.000
20,2011-01-07,13.4615,2,2014-06-30 00:00:00.000
20,2012-01-07,14.1346,2,2014-06-30 00:00:00.000
20,2013-01-07,13.8653,2,2014-06-30 00:00:00.000
20,2013-07-07,14.00,2,2014-06-30 00:00:00.000
21,2009-03-02,14.4231,2,2014-06-30 00:00:00.000
21,2010-03-02,15.1443,2,2014-06-30 00:00:00.000
21,2011-03-02,14.8558,2,2014-06-30 00:00:00.000
21,2011-09-02,15.00,2,2014-06-30 00:00:00.000
22,2008-12-12,14.4231,2,2014-06-30 00:00:00.000
22,2009-12-12,15.1443,2,2014-06-30 00:00:00.000
22,2010-12-12,14.8558,2,2014-06-30 00:00:00.000
22,2011-06-12,15.00,2,2014-06-30 00:00:00.000
23,2009-01-12,14.4231,2,2014-06-30 00:00:00.000
23,2010-01-12,15.1443,2,2014-06-30 00:00:00.000
23,2011-01-12,14.8558,2,2014-06-30 00:00:00.000
23,2011-07-12,15.00,2,2014-06-30 00:00:00.000
24,2009-01-18,14.4231,2,2014-06-30 00:00:00.000
24,2010-01-18,15.1443,2,2014-06-30 00:00:00.000
24,2011-01-18,14.8558,2,2014-06-30 00:00:00.000
24,2011-07-18,15.00,2,2014-06-30 00:00:00.000
25,2009-02-03,84.1346,2,2014-06-30 00:00:00.000
25,2010-02-03,88.3413,2,2014-06-30 00:00:00.000
25,2011-02-03,86.6586,2,2014-06-30 00:00:00.000
25,2011-08-03,87.50,2,2014-06-30 00:00:00.000
26,2008-12-01,24.5192,2,2014-06-30 00:00:00.000
26,2009-12-01,25.7452,2,2014-06-30 00:00:00.000
26,2010-12-01,25.2548,2,2014-06-30 00:00:00.000
26,2011-06-01,25.50,2,2014-06-30 00:00:00.000
27,2008-02-27,25.00,2,2014-06-30 00:00:00.000
27,2009-02-27,26.25,2,2014-06-30 00:00:00.000
27,2010-02-27,25.75,2,2014-06-30 00:00:00.000
27,2010-08-27,26.00,2,2014-06-30 00:00:00.000
28,2006-06-30,12.45,1,2014-06-30 00:00:00.000
28,2007-06-30,13.0725,1,2014-06-30 00:00:00.000
28,2008-06-30,12.8235,1,2014-06-30 00:00:00.000
28,2008-12-30,12.948,1,2014-06-30 00:00:00.000
29,2009-01-23,12.45,1,2014-06-30 00:00:00.000
29,2010-01-23,13.0725,1,2014-06-30 00:00:00.000
29,2011-01-23,12.8235,1,2014-06-30 00:00:00.000
29,2011-07-23,12.948,1,2014-06-30 00:00:00.000
30,2009-01-29,12.45,1,2014-06-30 00:00:00.000
30,2010-01-29,13.0725,1,2014-06-30 00:00:00.000
30,2011-01-29,12.8235,1,2014-06-30 00:00:00.000
30,2011-07-29,12.948,1,2014-06-30 00:00:00.000
31,2009-01-04,12.45,1,2014-06-30 00:00:00.000
31,2010-01-04,13.0725,1,2014-06-30 00:00:00.000
31,2011-01-04,12.8235,1,2014-06-30 00:00:00.000
31,2011-07-04,12.948,1,2014-06-30 00:00:00.000
32,2008-12-29,12.45,1,2014-06-30 00:00:00.000
32,2009-12-29,13.0725,1,2014-06-30 00:00:00.000
32,2010-12-29,12.8235,1,2014-06-30 00:00:00.000
32,2011-06-29,12.948,1,2014-06-30 00:00:00.000
33,2008-12-17,12.45,1,2014-06-30 00:00:00.000
33,2009-12-17,13.0725,1,2014-06-30 00:00:00.000
33,2010-12-17,12.8235,1,2014-06-30 00:00:00.000
33,2011-06-17,12.948,1,2014-06-30 00:00:00.000
34,2009-02-16,12.45,1,2014-06-30 00:00:00.000
34,2010-02-16,13.0725,1,2014-06-30 00:00:00.000
34,2011-02-16,12.8235,1,2014-06-30 00:00:00.000
34,2011-08-16,12.948,1,2014-06-30 00:00:00.000
35,2009-02-08,12.45,1,2014-06-30 00:00:00.000
35,2010-02-08,13.0725,1,2014-06-30 00:00:00.000
35,2011-02-08,12.8235,1,2014-06-30 00:00:00.000
35,2011-08-08,12.948,1,2014-06-30 00:00:00.000
36,2009-02-10,12.45,1,2014-06-30 00:00:00.000
36,2010-02-10,13.0725,1,2014-06-30 00:00:00.000
36,2011-02-10,12.8235,1,2014-06-30 00:00:00.000
36,2011-08-10,12.948,1,2014-06-30 00:00:00.000
37,2009-03-07,12.45,1,2014-06-30 00:00:00.000
37,2010-03-07,13.0725,1,2014-06-30 00:00:00.000
37,2011-03-07,12.8235,1,2014-06-30 00:00:00.000
37,2011-09-07,12.948,1,2014-06-30 00:00:00.000
38,2010-01-16,12.45,1,2014-06-30 00:00:00.000
38,2011-01-16,13.0725,1,2014-06-30 00:00:00.000
38,2012-01-16,12.8235,1,2014-06-30 00:00:00.000
38,2012-07-16,12.948,1,2014-06-30 00:00:00.000
39,2010-02-05,12.45,1,2014-06-30 00:00:00.000
39,2011-02-05,13.0725,1,2014-06-30 00:00:00.000
39,2012-02-05,12.8235,1,2014-06-30 00:00:00.000
39,2012-08-05,12.948,1,2014-06-30 00:00:00.000
40,2007-12-26,25.00,2,2014-06-30 00:00:00.000
40,2008-12-26,26.25,2,2014-06-30 00:00:00.000
40,2009-12-26,25.75,2,2014-06-30 00:00:00.000
40,2010-06-26,26.00,2,2014-06-30 00:00:00.000
41,2009-01-21,12.45,1,2014-06-30 00:00:00.000
41,2010-01-21,13.0725,1,2014-06-30 00:00:00.000
41,2011-01-21,12.8235,1,2014-06-30 00:00:00.000
41,2011-07-21,12.948,1,2014-06-30 00:00:00.000
42,2008-12-27,12.45,1,2014-06-30 00:00:00.000
42,2009-12-27,13.0725,1,2014-06-30 00:00:00.000
42,2010-12-27,12.8235,1,2014-06-30 00:00:00.000
42,2011-06-27,12.948,1,2014-06-30 00:00:00.000
43,2009-01-02,12.45,1,2014-06-30 00:00:00.000
43,2010-01-02,13.0725,1,2014-06-30 00:00:00.000
43,2011-01-02,12.8235,1,2014-06-30 00:00:00.000
43,2011-07-02,12.948,1,2014-06-30 00:00:00.000
44,2008-12-08,12.45,1,2014-06-30 00:00:00.000
44,2009-12-08,13.0725,1,2014-06-30 00:00:00.000
44,2010-12-08,12.8235,1,2014-06-30 00:00:00.000
44,2011-06-08,12.948,1,2014-06-30 00:00:00.000
45,2009-02-26,12.45,1,2014-06-30 00:00:00.000
45,2010-02-26,13.0725,1,2014-06-30 00:00:00.000
45,2011-02-26,12.8235,1,2014-06-30 00:00:00.000
45,2011-08-26,12.948,1,2014-06-30 00:00:00.000
46,2009-02-08,12.45,1,2014-06-30 00:00:00.000
46,2010-02-08,13.0725,1,2014-06-30 00:00:00.000
46,2011-02-08,12.8235,1,2014-06-30 00:00:00.000
46,2011-08-08,12.948,1,2014-06-30 00:00:00.000
47,2009-02-22,25.00,2,2014-06-30 00:00:00.000
47,2010-02-22,26.25,2,2014-06-30 00:00:00.000
47,2011-02-22,25.75,2,2014-06-30 00:00:00.000
47,2011-08-22,26.00,2,2014-06-30 00:00:00.000
48,2008-01-06,13.45,1,2014-06-30 00:00:00.000
48,2009-01-06,14.1225,1,2014-06-30 00:00:00.000
48,2010-01-06,13.8535,1,2014-06-30 00:00:00.000
48,2010-07-06,13.988,1,2014-06-30 00:00:00.000
49,2008-01-07,13.45,1,2014-06-30 00:00:00.000
49,2009-01-07,14.1225,1,2014-06-30 00:00:00.000
49,2010-01-07,13.8535,1,2014-06-30 00:00:00.000
49,2010-07-07,13.988,1,2014-06-30 00:00:00.000
50,2008-02-02,13.45,1,2014-06-30 00:00:00.000
50,2009-02-02,14.1225,1,2014-06-30 00:00:00.000
50,2010-02-02,13.8535,1,2014-06-30 00:00:00.000
50,2010-08-02,13.988,1,2014-06-30 00:00:00.000
51,2008-02-20,13.45,1,2014-06-30 00:00:00.000
51,2009-02-20,14.1225,1,2014-06-30 00:00:00.000
51,2010-02-20,13.8535,1,2014-06-30 00:00:00.000
51,2010-08-20,13.988,1,2014-06-30 00:00:00.000
52,2008-03-10,13.45,1,2014-06-30 00:00:00.000
52,2009-03-10,14.1225,1,2014-06-30 00:00:00.000
52,2010-03-10,13.8535,1,2014-06-30 00:00:00.000
52,2010-09-10,13.988,1,2014-06-30 00:00:00.000
53,2008-03-28,13.45,1,2014-06-30 00:00:00.000
53,2009-03-28,14.1225,1,2014-06-30 00:00:00.000
53,2010-03-28,13.8535,1,2014-06-30 00:00:00.000
53,2010-09-28,13.988,1,2014-06-30 00:00:00.000
54,2010-01-01,13.45,1,2014-06-30 00:00:00.000
54,2011-01-01,14.1225,1,2014-06-30 00:00:00.000
54,2012-01-01,13.8535,1,2014-06-30 00:00:00.000
54,2012-07-01,13.988,1,2014-06-30 00:00:00.000
55,2008-02-08,25.00,2,2014-06-30 00:00:00.000
55,2009-02-08,26.25,2,2014-06-30 00:00:00.000
55,2010-02-08,25.75,2,2014-06-30 00:00:00.000
55,2010-08-08,26.00,2,2014-06-30 00:00:00.000
56,2009-02-05,11.00,1,2014-06-30 00:00:00.000
56,2010-02-05,11.55,1,2014-06-30 00:00:00.000
56,2011-02-05,11.33,1,2014-06-30 00:00:00.000
56,2011-08-05,11.44,1,2014-06-30 00:00:00.000
57,2009-02-23,11.00,1,2014-06-30 00:00:00.000
57,2010-02-23,11.55,1,2014-06-30 00:00:00.000
57,2011-02-23,11.33,1,2014-06-30 00:00:00.000
57,2011-08-23,11.44,1,2014-06-30 00:00:00.000
58,2008-12-05,11.00,1,2014-06-30 00:00:00.000
58,2009-12-05,11.55,1,2014-06-30 00:00:00.000
58,2010-12-05,11.33,1,2014-06-30 00:00:00.000
58,2011-06-05,11.44,1,2014-06-30 00:00:00.000
59,2008-12-24,11.00,1,2014-06-30 00:00:00.000
59,2009-12-24,11.55,1,2014-06-30 00:00:00.000
59,2010-12-24,11.33,1,2014-06-30 00:00:00.000
59,2011-06-24,11.44,1,2014-06-30 00:00:00.000
60,2009-01-11,11.00,1,2014-06-30 00:00:00.000
60,2010-01-11,11.55,1,2014-06-30 00:00:00.000
60,2011-01-11,11.33,1,2014-06-30 00:00:00.000
60,2011-07-11,11.44,1,2014-06-30 00:00:00.000
61,2009-01-18,11.00,1,2014-06-30 00:00:00.000
61,2010-01-18,11.55,1,2014-06-30 00:00:00.000
61,2011-01-18,11.33,1,2014-06-30 00:00:00.000
61,2011-07-18,11.44,1,2014-06-30 00:00:00.000
62,2008-03-17,25.00,2,2014-06-30 00:00:00.000
62,2009-03-17,26.25,2,2014-06-30 00:00:00.000
62,2010-03-17,25.75,2,2014-06-30 00:00:00.000
62,2010-09-17,26.00,2,2014-06-30 00:00:00.000
63,2010-01-29,12.45,1,2014-06-30 00:00:00.000
63,2011-01-29,13.0725,1,2014-06-30 00:00:00.000
63,2012-01-29,12.8235,1,2014-06-30 00:00:00.000
63,2012-07-29,12.948,1,2014-06-30 00:00:00.000
64,2010-02-23,12.45,1,2014-06-30 00:00:00.000
64,2011-02-23,13.0725,1,2014-06-30 00:00:00.000
64,2012-02-23,12.8235,1,2014-06-30 00:00:00.000
64,2012-08-23,12.948,1,2014-06-30 00:00:00.000
65,2010-02-23,12.45,1,2014-06-30 00:00:00.000
65,2011-02-23,13.0725,1,2014-06-30 00:00:00.000
65,2012-02-23,12.8235,1,2014-06-30 00:00:00.000
65,2012-08-23,12.948,1,2014-06-30 00:00:00.000
66,2009-12-22,12.45,1,2014-06-30 00:00:00.000
66,2010-12-22,13.0725,1,2014-06-30 00:00:00.000
66,2011-12-22,12.8235,1,2014-06-30 00:00:00.000
66,2012-06-22,12.948,1,2014-06-30 00:00:00.000
67,2009-03-05,12.45,1,2014-06-30 00:00:00.000
67,2010-03-05,13.0725,1,2014-06-30 00:00:00.000
67,2011-03-05,12.8235,1,2014-06-30 00:00:00.000
67,2011-09-05,12.948,1,2014-06-30 00:00:00.000
68,2009-12-03,12.45,1,2014-06-30 00:00:00.000
68,2010-12-03,13.0725,1,2014-06-30 00:00:00.000
68,2011-12-03,12.8235,1,2014-06-30 00:00:00.000
68,2012-06-03,12.948,1,2014-06-30 00:00:00.000
69,2009-02-15,12.45,1,2014-06-30 00:00:00.000
69,2010-02-15,13.0725,1,2014-06-30 00:00:00.000
69,2011-02-15,12.8235,1,2014-06-30 00:00:00.000
69,2011-08-15,12.948,1,2014-06-30 00:00:00.000
70,2008-12-15,12.45,1,2014-06-30 00:00:00.000
70,2009-12-15,13.0725,1,2014-06-30 00:00:00.000
70,2010-12-15,12.8235,1,2014-06-30 00:00:00.000
70,2011-06-15,12.948,1,2014-06-30 00:00:00.000
71,2009-02-15,25.00,2,2014-06-30 00:00:00.000
71,2010-02-15,26.25,2,2014-06-30 00:00:00.000
71,2011-02-15,25.75,2,2014-06-30 00:00:00.000
71,2011-08-15,26.00,2,2014-06-30 00:00:00.000
72,2008-12-01,9.50,1,2014-06-30 00:00:00.000
72,2009-12-01,9.975,1,2014-06-30 00:00:00.000
72,2010-12-01,9.785,1,2014-06-30 00:00:00.000
72,2011-06-01,9.88,1,2014-06-30 00:00:00.000
73,2008-12-19,9.50,1,2014-06-30 00:00:00.000
73,2009-12-19,9.975,1,2014-06-30 00:00:00.000
73,2010-12-19,9.785,1,2014-06-30 00:00:00.000
73,2011-06-19,9.88,1,2014-06-30 00:00:00.000
74,2009-01-07,9.50,1,2014-06-30 00:00:00.000
74,2010-01-07,9.975,1,2014-06-30 00:00:00.000
74,2011-01-07,9.785,1,2014-06-30 00:00:00.000
74,2011-07-07,9.88,1,2014-06-30 00:00:00.000
75,2009-01-26,9.50,1,2014-06-30 00:00:00.000
75,2010-01-26,9.975,1,2014-06-30 00:00:00.000
75,2011-01-26,9.785,1,2014-06-30 00:00:00.000
75,2011-07-26,9.88,1,2014-06-30 00:00:00.000
76,2009-02-12,9.50,1,2014-06-30 00:00:00.000
76,2010-02-12,9.975,1,2014-06-30 00:00:00.000
76,2011-02-12,9.785,1,2014-06-30 00:00:00.000
76,2011-08-12,9.88,1,2014-06-30 00:00:00.000
77,2009-03-03,9.50,1,2014-06-30 00:00:00.000
77,2010-03-03,9.975,1,2014-06-30 00:00:00.000
77,2011-03-03,9.785,1,2014-06-30 00:00:00.000
77,2011-09-03,9.88,1,2014-06-30 00:00:00.000
78,2008-12-15,25.00,2,2014-06-30 00:00:00.000
78,2009-12-15,26.25,2,2014-06-30 00:00:00.000
78,2010-12-15,25.75,2,2014-06-30 00:00:00.000
78,2011-06-15,26.00,2,2014-06-30 00:00:00.000
79,2010-01-24,15.00,1,2014-06-30 00:00:00.000
79,2011-01-24,15.75,1,2014-06-30 00:00:00.000
79,2012-01-24,15.45,1,2014-06-30 00:00:00.000
79,2012-07-24,15.60,1,2014-06-30 00:00:00.000
80,2010-01-17,15.00,1,2014-06-30 00:00:00.000
80,2011-01-17,15.75,1,2014-06-30 00:00:00.000
80,2012-01-17,15.45,1,2014-06-30 00:00:00.000
80,2012-07-17,15.60,1,2014-06-30 00:00:00.000
81,2009-12-29,15.00,1,2014-06-30 00:00:00.000
81,2010-12-29,15.75,1,2014-06-30 00:00:00.000
81,2011-12-29,15.45,1,2014-06-30 00:00:00.000
81,2012-06-29,15.60,1,2014-06-30 00:00:00.000
82,2010-03-03,15.00,1,2014-06-30 00:00:00.000
82,2011-03-03,15.75,1,2014-06-30 00:00:00.000
82,2012-03-03,15.45,1,2014-06-30 00:00:00.000
82,2012-09-03,15.60,1,2014-06-30 00:00:00.000
83,2010-02-12,15.00,1,2014-06-30 00:00:00.000
83,2011-02-12,15.75,1,2014-06-30 00:00:00.000
83,2012-02-12,15.45,1,2014-06-30 00:00:00.000
83,2012-08-12,15.60,1,2014-06-30 00:00:00.000
84,2010-02-05,15.00,1,2014-06-30 00:00:00.000
84,2011-02-05,15.75,1,2014-06-30 00:00:00.000
84,2012-02-05,15.45,1,2014-06-30 00:00:00.000
84,2012-08-05,15.60,1,2014-06-30 00:00:00.000
85,2009-12-11,15.00,1,2014-06-30 00:00:00.000
85,2010-12-11,15.75,1,2014-06-30 00:00:00.000
85,2011-12-11,15.45,1,2014-06-30 00:00:00.000
85,2012-06-11,15.60,1,2014-06-30 00:00:00.000
86,2009-01-05,15.00,1,2014-06-30 00:00:00.000
86,2010-01-05,15.75,1,2014-06-30 00:00:00.000
86,2011-01-05,15.45,1,2014-06-30 00:00:00.000
86,2011-07-05,15.60,1,2014-06-30 00:00:00.000
87,2008-12-22,25.00,2,2014-06-30 00:00:00.000
87,2009-12-22,26.25,2,2014-06-30 00:00:00.000
87,2010-12-22,25.75,2,2014-06-30 00:00:00.000
87,2011-06-22,26.00,2,2014-06-30 00:00:00.000
88,2009-12-18,13.45,1,2014-06-30 00:00:00.000
88,2010-12-18,14.1225,1,2014-06-30 00:00:00.000
88,2011-12-18,13.8535,1,2014-06-30 00:00:00.000
88,2012-06-18,13.988,1,2014-06-30 00:00:00.000
89,2010-02-01,13.45,1,2014-06-30 00:00:00.000
89,2011-02-01,14.1225,1,2014-06-30 00:00:00.000
89,2012-02-01,13.8535,1,2014-06-30 00:00:00.000
89,2012-08-01,13.988,1,2014-06-30 00:00:00.000
90,2010-02-20,13.45,1,2014-06-30 00:00:00.000
90,2011-02-20,14.1225,1,2014-06-30 00:00:00.000
90,2012-02-20,13.8535,1,2014-06-30 00:00:00.000
90,2012-08-20,13.988,1,2014-06-30 00:00:00.000
91,2010-01-12,13.45,1,2014-06-30 00:00:00.000
91,2011-01-12,14.1225,1,2014-06-30 00:00:00.000
91,2012-01-12,13.8535,1,2014-06-30 00:00:00.000
91,2012-07-12,13.988,1,2014-06-30 00:00:00.000
92,2010-03-10,13.45,1,2014-06-30 00:00:00.000
92,2011-03-10,14.1225,1,2014-06-30 00:00:00.000
92,2012-03-10,13.8535,1,2014-06-30 00:00:00.000
92,2012-09-10,13.988,1,2014-06-30 00:00:00.000
93,2008-12-27,25.00,2,2014-06-30 00:00:00.000
93,2009-12-27,26.25,2,2014-06-30 00:00:00.000
93,2010-12-27,25.75,2,2014-06-30 00:00:00.000
93,2011-06-27,26.00,2,2014-06-30 00:00:00.000
94,2008-12-12,11.00,1,2014-06-30 00:00:00.000
94,2009-12-12,11.55,1,2014-06-30 00:00:00.000
94,2010-12-12,11.33,1,2014-06-30 00:00:00.000
94,2011-06-12,11.44,1,2014-06-30 00:00:00.000
95,2008-12-19,11.00,1,2014-06-30 00:00:00.000
95,2009-12-19,11.55,1,2014-06-30 00:00:00.000
95,2010-12-19,11.33,1,2014-06-30 00:00:00.000
95,2011-06-19,11.44,1,2014-06-30 00:00:00.000
96,2009-03-02,11.00,1,2014-06-30 00:00:00.000
96,2010-03-02,11.55,1,2014-06-30 00:00:00.000
96,2011-03-02,11.33,1,2014-06-30 00:00:00.000
96,2011-09-02,11.44,1,2014-06-30 00:00:00.000
97,2009-02-10,11.00,1,2014-06-30 00:00:00.000
97,2010-02-10,11.55,1,2014-06-30 00:00:00.000
97,2011-02-10,11.33,1,2014-06-30 00:00:00.000
97,2011-08-10,11.44,1,2014-06-30 00:00:00.000
98,2009-02-11,11.00,1,2014-06-30 00:00:00.000
98,2010-02-11,11.55,1,2014-06-30 00:00:00.000
98,2011-02-11,11.33,1,2014-06-30 00:00:00.000
98,2011-08-11,11.44,1,2014-06-30 00:00:00.000
99,2009-01-06,11.00,1,2014-06-30 00:00:00.000
99,2010-01-06,11.55,1,2014-06-30 00:00:00.000
99,2011-01-06,11.33,1,2014-06-30 00:00:00.000
99,2011-07-06,11.44,1,2014-06-30 00:00:00.000
100,2009-01-12,11.00,1,2014-06-30 00:00:00.000
100,2010-01-12,11.55,1,2014-06-30 00:00:00.000
100,2011-01-12,11.33,1,2014-06-30 00:00:00.000
100,2011-07-12,11.44,1,2014-06-30 00:00:00.000
101,2009-01-25,11.00,1,2014-06-30 00:00:00.000
101,2010-01-25,11.55,1,2014-06-30 00:00:00.000
101,2011-01-25,11.33,1,2014-06-30 00:00:00.000
101,2011-07-25,11.44,1,2014-06-30 00:00:00.000
102,2008-12-03,25.00,2,2014-06-30 00:00:00.000
102,2009-12-03,26.25,2,2014-06-30 00:00:00.000
102,2010-12-03,25.75,2,2014-06-30 00:00:00.000
102,2011-06-03,26.00,2,2014-06-30 00:00:00.000
103,2009-12-06,13.45,1,2014-06-30 00:00:00.000
103,2010-12-06,14.1225,1,2014-06-30 00:00:00.000
103,2011-12-06,13.8535,1,2014-06-30 00:00:00.000
103,2012-06-06,13.988,1,2014-06-30 00:00:00.000
104,2009-12-25,13.45,1,2014-06-30 00:00:00.000
104,2010-12-25,14.1225,1,2014-06-30 00:00:00.000
104,2011-12-25,13.8535,1,2014-06-30 00:00:00.000
104,2012-06-25,13.988,1,2014-06-30 00:00:00.000
105,2009-12-25,13.45,1,2014-06-30 00:00:00.000
105,2010-12-25,14.1225,1,2014-06-30 00:00:00.000
105,2011-12-25,13.8535,1,2014-06-30 00:00:00.000
105,2012-06-25,13.988,1,2014-06-30 00:00:00.000
106,2010-02-27,13.45,1,2014-06-30 00:00:00.000
106,2011-02-27,14.1225,1,2014-06-30 00:00:00.000
106,2012-02-27,13.8535,1,2014-06-30 00:00:00.000
106,2012-08-27,13.988,1,2014-06-30 00:00:00.000
107,2010-02-08,13.45,1,2014-06-30 00:00:00.000
107,2011-02-08,14.1225,1,2014-06-30 00:00:00.000
107,2012-02-08,13.8535,1,2014-06-30 00:00:00.000
107,2012-08-08,13.988,1,2014-06-30 00:00:00.000
108,2008-12-08,25.00,2,2014-06-30 00:00:00.000
108,2009-12-08,26.25,2,2014-06-30 00:00:00.000
108,2010-12-08,25.75,2,2014-06-30 00:00:00.000
108,2011-06-08,26.00,2,2014-06-30 00:00:00.000
109,2008-12-07,11.00,1,2014-06-30 00:00:00.000
109,2009-12-07,11.55,1,2014-06-30 00:00:00.000
109,2010-12-07,11.33,1,2014-06-30 00:00:00.000
109,2011-06-07,11.44,1,2014-06-30 00:00:00.000
110,2008-12-14,11.00,1,2014-06-30 00:00:00.000
110,2009-12-14,11.55,1,2014-06-30 00:00:00.000
110,2010-12-14,11.33,1,2014-06-30 00:00:00.000
110,2011-06-14,11.44,1,2014-06-30 00:00:00.000
111,2008-12-17,11.00,1,2014-06-30 00:00:00.000
111,2009-12-17,11.55,1,2014-06-30 00:00:00.000
111,2010-12-17,11.33,1,2014-06-30 00:00:00.000
111,2011-06-17,11.44,1,2014-06-30 00:00:00.000
112,2009-01-01,11.00,1,2014-06-30 00:00:00.000
112,2010-01-01,11.55,1,2014-06-30 00:00:00.000
112,2011-01-01,11.33,1,2014-06-30 00:00:00.000
112,2011-07-01,11.44,1,2014-06-30 00:00:00.000
113,2008-12-25,11.00,1,2014-06-30 00:00:00.000
113,2009-12-25,11.55,1,2014-06-30 00:00:00.000
113,2010-12-25,11.33,1,2014-06-30 00:00:00.000
113,2011-06-25,11.44,1,2014-06-30 00:00:00.000
114,2009-01-13,11.00,1,2014-06-30 00:00:00.000
114,2010-01-13,11.55,1,2014-06-30 00:00:00.000
114,2011-01-13,11.33,1,2014-06-30 00:00:00.000
114,2011-07-13,11.44,1,2014-06-30 00:00:00.000
115,2009-01-20,11.00,1,2014-06-30 00:00:00.000
115,2010-01-20,11.55,1,2014-06-30 00:00:00.000
115,2011-01-20,11.33,1,2014-06-30 00:00:00.000
115,2011-07-20,11.44,1,2014-06-30 00:00:00.000
116,2009-01-31,11.00,1,2014-06-30 00:00:00.000
116,2010-01-31,11.55,1,2014-06-30 00:00:00.000
116,2011-01-31,11.33,1,2014-06-30 00:00:00.000
116,2011-07-31,11.44,1,2014-06-30 00:00:00.000
117,2009-02-18,11.00,1,2014-06-30 00:00:00.000
117,2010-02-18,11.55,1,2014-06-30 00:00:00.000
117,2011-02-18,11.33,1,2014-06-30 00:00:00.000
117,2011-08-18,11.44,1,2014-06-30 00:00:00.000
118,2009-02-13,11.00,1,2014-06-30 00:00:00.000
118,2010-02-13,11.55,1,2014-06-30 00:00:00.000
118,2011-02-13,11.33,1,2014-06-30 00:00:00.000
118,2011-08-13,11.44,1,2014-06-30 00:00:00.000
119,2009-02-25,11.00,1,2014-06-30 00:00:00.000
119,2010-02-25,11.55,1,2014-06-30 00:00:00.000
119,2011-02-25,11.33,1,2014-06-30 00:00:00.000
119,2011-08-25,11.44,1,2014-06-30 00:00:00.000
120,2009-03-04,11.00,1,2014-06-30 00:00:00.000
120,2010-03-04,11.55,1,2014-06-30 00:00:00.000
120,2011-03-04,11.33,1,2014-06-30 00:00:00.000
120,2011-09-04,11.44,1,2014-06-30 00:00:00.000
121,2009-01-02,19.2308,2,2014-06-30 00:00:00.000
121,2010-01-02,20.1923,2,2014-06-30 00:00:00.000
121,2011-01-02,19.8077,2,2014-06-30 00:00:00.000
121,2011-07-02,20.00,2,2014-06-30 00:00:00.000
122,2008-12-07,9.00,1,2014-06-30 00:00:00.000
122,2009-12-07,9.45,1,2014-06-30 00:00:00.000
122,2010-12-07,9.27,1,2014-06-30 00:00:00.000
122,2011-06-07,9.36,1,2014-06-30 00:00:00.000
123,2008-12-07,9.50,2,2014-06-30 00:00:00.000
123,2009-12-07,9.975,2,2014-06-30 00:00:00.000
123,2010-12-07,9.785,2,2014-06-30 00:00:00.000
123,2011-06-07,9.88,2,2014-06-30 00:00:00.000
124,2008-12-26,9.00,1,2014-06-30 00:00:00.000
124,2009-12-26,9.45,1,2014-06-30 00:00:00.000
124,2010-12-26,9.27,1,2014-06-30 00:00:00.000
124,2011-06-26,9.36,1,2014-06-30 00:00:00.000
125,2009-01-20,9.50,2,2014-06-30 00:00:00.000
125,2010-01-20,9.975,2,2014-06-30 00:00:00.000
125,2011-01-20,9.785,2,2014-06-30 00:00:00.000
125,2011-07-20,9.88,2,2014-06-30 00:00:00.000
126,2009-02-26,9.00,1,2014-06-30 00:00:00.000
126,2010-02-26,9.45,1,2014-06-30 00:00:00.000
126,2011-02-26,9.27,1,2014-06-30 00:00:00.000
126,2011-08-26,9.36,1,2014-06-30 00:00:00.000
127,2009-01-03,25.00,2,2014-06-30 00:00:00.000
127,2010-01-03,26.25,2,2014-06-30 00:00:00.000
127,2011-01-03,25.75,2,2014-06-30 00:00:00.000
127,2011-07-03,26.00,2,2014-06-30 00:00:00.000
128,2008-12-04,15.00,1,2014-06-30 00:00:00.000
128,2009-12-04,15.75,1,2014-06-30 00:00:00.000
128,2010-12-04,15.45,1,2014-06-30 00:00:00.000
128,2011-06-04,15.60,1,2014-06-30 00:00:00.000
129,2008-12-22,15.00,1,2014-06-30 00:00:00.000
129,2009-12-22,15.75,1,2014-06-30 00:00:00.000
129,2010-12-22,15.45,1,2014-06-30 00:00:00.000
129,2011-06-22,15.60,1,2014-06-30 00:00:00.000
130,2009-02-13,15.00,1,2014-06-30 00:00:00.000
130,2010-02-13,15.75,1,2014-06-30 00:00:00.000
130,2011-02-13,15.45,1,2014-06-30 00:00:00.000
130,2011-08-13,15.60,1,2014-06-30 00:00:00.000
131,2009-02-15,15.00,1,2014-06-30 00:00:00.000
131,2010-02-15,15.75,1,2014-06-30 00:00:00.000
131,2011-02-15,15.45,1,2014-06-30 00:00:00.000
131,2011-08-15,15.60,1,2014-06-30 00:00:00.000
132,2009-02-22,15.00,1,2014-06-30 00:00:00.000
132,2010-02-22,15.75,1,2014-06-30 00:00:00.000
132,2011-02-22,15.45,1,2014-06-30 00:00:00.000
132,2011-08-22,15.60,1,2014-06-30 00:00:00.000
133,2009-01-10,15.00,1,2014-06-30 00:00:00.000
133,2010-01-10,15.75,1,2014-06-30 00:00:00.000
133,2011-01-10,15.45,1,2014-06-30 00:00:00.000
133,2011-07-10,15.60,1,2014-06-30 00:00:00.000
134,2009-01-14,25.00,2,2014-06-30 00:00:00.000
134,2010-01-14,26.25,2,2014-06-30 00:00:00.000
134,2011-01-14,25.75,2,2014-06-30 00:00:00.000
134,2011-07-14,26.00,2,2014-06-30 00:00:00.000
135,2008-12-04,14.00,1,2014-06-30 00:00:00.000
135,2009-12-04,14.70,1,2014-06-30 00:00:00.000
135,2010-12-04,14.42,1,2014-06-30 00:00:00.000
135,2011-06-04,14.56,1,2014-06-30 00:00:00.000
136,2009-12-11,14.00,1,2014-06-30 00:00:00.000
136,2010-12-11,14.70,1,2014-06-30 00:00:00.000
136,2011-12-11,14.42,1,2014-06-30 00:00:00.000
136,2012-06-11,14.56,1,2014-06-30 00:00:00.000
137,2009-02-23,14.00,1,2014-06-30 00:00:00.000
137,2010-02-23,14.70,1,2014-06-30 00:00:00.000
137,2011-02-23,14.42,1,2014-06-30 00:00:00.000
137,2011-08-23,14.56,1,2014-06-30 00:00:00.000
138,2009-02-04,14.00,1,2014-06-30 00:00:00.000
138,2010-02-04,14.70,1,2014-06-30 00:00:00.000
138,2011-02-04,14.42,1,2014-06-30 00:00:00.000
138,2011-08-04,14.56,1,2014-06-30 00:00:00.000
139,2010-01-06,14.00,1,2014-06-30 00:00:00.000
139,2011-01-06,14.70,1,2014-06-30 00:00:00.000
139,2012-01-06,14.42,1,2014-06-30 00:00:00.000
139,2012-07-06,14.56,1,2014-06-30 00:00:00.000
140,2010-01-22,14.00,1,2014-06-30 00:00:00.000
140,2011-01-22,14.70,1,2014-06-30 00:00:00.000
140,2012-01-22,14.42,1,2014-06-30 00:00:00.000
140,2012-07-22,14.56,1,2014-06-30 00:00:00.000
141,2010-01-24,14.00,1,2014-06-30 00:00:00.000
141,2011-01-24,14.70,1,2014-06-30 00:00:00.000
141,2012-01-24,14.42,1,2014-06-30 00:00:00.000
141,2012-07-24,14.56,1,2014-06-30 00:00:00.000
142,2010-03-04,14.00,1,2014-06-30 00:00:00.000
142,2011-03-04,14.70,1,2014-06-30 00:00:00.000
142,2012-03-04,14.42,1,2014-06-30 00:00:00.000
142,2012-09-04,14.56,1,2014-06-30 00:00:00.000
143,2010-02-13,14.00,1,2014-06-30 00:00:00.000
143,2011-02-13,14.70,1,2014-06-30 00:00:00.000
143,2012-02-13,14.42,1,2014-06-30 00:00:00.000
143,2012-08-13,14.56,1,2014-06-30 00:00:00.000
144,2009-01-17,14.00,1,2014-06-30 00:00:00.000
144,2010-01-17,14.70,1,2014-06-30 00:00:00.000
144,2011-01-17,14.42,1,2014-06-30 00:00:00.000
144,2011-07-17,14.56,1,2014-06-30 00:00:00.000
145,2009-01-27,25.00,2,2014-06-30 00:00:00.000
145,2010-01-27,26.25,2,2014-06-30 00:00:00.000
145,2011-01-27,25.75,2,2014-06-30 00:00:00.000
145,2011-07-27,26.00,2,2014-06-30 00:00:00.000
146,2008-12-07,9.50,1,2014-06-30 00:00:00.000
146,2009-12-07,9.975,1,2014-06-30 00:00:00.000
146,2010-12-07,9.785,1,2014-06-30 00:00:00.000
146,2011-06-07,9.88,1,2014-06-30 00:00:00.000
147,2008-12-26,9.50,1,2014-06-30 00:00:00.000
147,2009-12-26,9.975,1,2014-06-30 00:00:00.000
147,2010-12-26,9.785,1,2014-06-30 00:00:00.000
147,2011-06-26,9.88,1,2014-06-30 00:00:00.000
148,2009-01-14,9.50,1,2014-06-30 00:00:00.000
148,2010-01-14,9.975,1,2014-06-30 00:00:00.000
148,2011-01-14,9.785,1,2014-06-30 00:00:00.000
148,2011-07-14,9.88,1,2014-06-30 00:00:00.000
149,2009-01-31,9.50,1,2014-06-30 00:00:00.000
149,2010-01-31,9.975,1,2014-06-30 00:00:00.000
149,2011-01-31,9.785,1,2014-06-30 00:00:00.000
149,2011-07-31,9.88,1,2014-06-30 00:00:00.000
150,2009-02-26,9.50,1,2014-06-30 00:00:00.000
150,2010-02-26,9.975,1,2014-06-30 00:00:00.000
150,2011-02-26,9.785,1,2014-06-30 00:00:00.000
150,2011-08-26,9.88,1,2014-06-30 00:00:00.000
151,2009-02-19,9.50,1,2014-06-30 00:00:00.000
151,2010-02-19,9.975,1,2014-06-30 00:00:00.000
151,2011-02-19,9.785,1,2014-06-30 00:00:00.000
151,2011-08-19,9.88,1,2014-06-30 00:00:00.000
152,2009-02-01,25.00,2,2014-06-30 00:00:00.000
152,2010-02-01,26.25,2,2014-06-30 00:00:00.000
152,2011-02-01,25.75,2,2014-06-30 00:00:00.000
152,2011-08-01,26.00,2,2014-06-30 00:00:00.000
153,2008-12-16,14.00,1,2014-06-30 00:00:00.000
153,2009-12-16,14.70,1,2014-06-30 00:00:00.000
153,2010-12-16,14.42,1,2014-06-30 00:00:00.000
153,2011-06-16,14.56,1,2014-06-30 00:00:00.000
154,2008-12-23,14.00,1,2014-06-30 00:00:00.000
154,2009-12-23,14.70,1,2014-06-30 00:00:00.000
154,2010-12-23,14.42,1,2014-06-30 00:00:00.000
154,2011-06-23,14.56,1,2014-06-30 00:00:00.000
155,2009-01-04,14.00,1,2014-06-30 00:00:00.000
155,2010-01-04,14.70,1,2014-06-30 00:00:00.000
155,2011-01-04,14.42,1,2014-06-30 00:00:00.000
155,2011-07-04,14.56,1,2014-06-30 00:00:00.000
156,2009-01-11,14.00,1,2014-06-30 00:00:00.000
156,2010-01-11,14.70,1,2014-06-30 00:00:00.000
156,2011-01-11,14.42,1,2014-06-30 00:00:00.000
156,2011-07-11,14.56,1,2014-06-30 00:00:00.000
157,2009-02-03,14.00,1,2014-06-30 00:00:00.000
157,2010-02-03,14.70,1,2014-06-30 00:00:00.000
157,2011-02-03,14.42,1,2014-06-30 00:00:00.000
157,2011-08-03,14.56,1,2014-06-30 00:00:00.000
158,2009-03-07,14.00,1,2014-06-30 00:00:00.000
158,2010-03-07,14.70,1,2014-06-30 00:00:00.000
158,2011-03-07,14.42,1,2014-06-30 00:00:00.000
158,2011-09-07,14.56,1,2014-06-30 00:00:00.000
159,2009-02-16,14.00,1,2014-06-30 00:00:00.000
159,2010-02-16,14.70,1,2014-06-30 00:00:00.000
159,2011-02-16,14.42,1,2014-06-30 00:00:00.000
159,2011-08-16,14.56,1,2014-06-30 00:00:00.000
160,2009-01-21,25.00,2,2014-06-30 00:00:00.000
160,2010-01-21,26.25,2,2014-06-30 00:00:00.000
160,2011-01-21,25.75,2,2014-06-30 00:00:00.000
160,2011-07-21,26.00,2,2014-06-30 00:00:00.000
161,2008-12-15,10.00,1,2014-06-30 00:00:00.000
161,2009-12-15,10.50,1,2014-06-30 00:00:00.000
161,2010-12-15,10.30,1,2014-06-30 00:00:00.000
161,2011-06-15,10.40,1,2014-06-30 00:00:00.000
162,2009-01-03,10.00,1,2014-06-30 00:00:00.000
162,2010-01-03,10.50,1,2014-06-30 00:00:00.000
162,2011-01-03,10.30,1,2014-06-30 00:00:00.000
162,2011-07-03,10.40,1,2014-06-30 00:00:00.000
163,2009-02-08,10.00,1,2014-06-30 00:00:00.000
163,2010-02-08,10.50,1,2014-06-30 00:00:00.000
163,2011-02-08,10.30,1,2014-06-30 00:00:00.000
163,2011-08-08,10.40,1,2014-06-30 00:00:00.000
164,2009-03-06,10.00,1,2014-06-30 00:00:00.000
164,2010-03-06,10.50,1,2014-06-30 00:00:00.000
164,2011-03-06,10.30,1,2014-06-30 00:00:00.000
164,2011-09-06,10.40,1,2014-06-30 00:00:00.000
165,2009-01-22,10.00,1,2014-06-30 00:00:00.000
165,2010-01-22,10.50,1,2014-06-30 00:00:00.000
165,2011-01-22,10.30,1,2014-06-30 00:00:00.000
165,2011-07-22,10.40,1,2014-06-30 00:00:00.000
166,2009-02-21,25.00,2,2014-06-30 00:00:00.000
166,2010-02-21,26.25,2,2014-06-30 00:00:00.000
166,2011-02-21,25.75,2,2014-06-30 00:00:00.000
166,2011-08-21,26.00,2,2014-06-30 00:00:00.000
167,2008-12-02,6.50,1,2008-11-18 00:00:00.000
167,2009-12-02,6.825,1,2008-11-18 00:00:00.000
167,2010-12-02,6.695,1,2008-11-18 00:00:00.000
167,2011-12-01,7.25,1,2011-11-17 00:00:00.000
167,2012-12-01,7.6125,1,2011-11-17 00:00:00.000
167,2013-07-14,9.50,1,2013-06-30 00:00:00.000
167,2013-12-01,7.4675,1,2011-11-17 00:00:00.000
167,2014-07-14,9.975,1,2013-06-30 00:00:00.000
167,2015-07-14,9.785,1,2013-06-30 00:00:00.000
168,2008-12-07,9.50,1,2014-06-30 00:00:00.000
168,2009-12-07,9.975,1,2014-06-30 00:00:00.000
168,2010-12-07,9.785,1,2014-06-30 00:00:00.000
168,2011-06-07,9.88,1,2014-06-30 00:00:00.000
169,2008-12-14,9.50,1,2014-06-30 00:00:00.000
169,2009-12-14,9.975,1,2014-06-30 00:00:00.000
169,2010-12-14,9.785,1,2014-06-30 00:00:00.000
169,2011-06-14,9.88,1,2014-06-30 00:00:00.000
170,2008-12-21,6.50,1,2008-12-07 00:00:00.000
170,2009-12-21,6.825,1,2008-12-07 00:00:00.000
170,2010-12-21,6.695,1,2008-12-07 00:00:00.000
170,2011-12-01,7.25,1,2011-11-17 00:00:00.000
170,2012-12-01,7.6125,1,2011-11-17 00:00:00.000
170,2013-07-14,9.50,1,2013-06-30 00:00:00.000
170,2013-12-01,7.4675,1,2011-11-17 00:00:00.000
170,2014-07-14,9.975,1,2013-06-30 00:00:00.000
170,2015-07-14,9.785,1,2013-06-30 00:00:00.000
171,2009-01-02,9.50,1,2014-06-30 00:00:00.000
171,2010-01-02,9.975,1,2014-06-30 00:00:00.000
171,2011-01-02,9.785,1,2014-06-30 00:00:00.000
171,2011-07-02,9.88,1,2014-06-30 00:00:00.000
172,2009-01-16,6.50,1,2009-01-02 00:00:00.000
172,2010-01-16,6.825,1,2009-01-02 00:00:00.000
172,2011-01-16,6.695,1,2009-01-02 00:00:00.000
172,2011-12-01,7.25,1,2011-11-17 00:00:00.000
172,2012-12-01,7.6125,1,2011-11-17 00:00:00.000
172,2013-07-14,9.50,1,2013-06-30 00:00:00.000
172,2013-12-01,7.4675,1,2011-11-17 00:00:00.000
172,2014-07-14,9.975,1,2013-06-30 00:00:00.000
172,2015-07-14,9.785,1,2013-06-30 00:00:00.000
173,2009-01-21,9.50,1,2014-06-30 00:00:00.000
173,2010-01-21,9.975,1,2014-06-30 00:00:00.000
173,2011-01-21,9.785,1,2014-06-30 00:00:00.000
173,2011-07-21,9.88,1,2014-06-30 00:00:00.000
174,2009-01-27,6.75,1,2009-01-13 00:00:00.000
174,2010-01-27,7.0875,1,2009-01-13 00:00:00.000
174,2011-01-27,6.9525,1,2009-01-13 00:00:00.000
174,2011-12-01,7.25,1,2011-11-17 00:00:00.000
174,2012-12-01,7.6125,1,2011-11-17 00:00:00.000
174,2013-07-14,9.50,1,2013-06-30 00:00:00.000
174,2013-12-01,7.4675,1,2011-11-17 00:00:00.000
174,2014-07-14,9.975,1,2013-06-30 00:00:00.000
174,2015-07-14,9.785,1,2013-06-30 00:00:00.000
175,2009-02-02,6.50,1,2009-01-19 00:00:00.000
175,2010-02-02,6.825,1,2009-01-19 00:00:00.000
175,2011-02-02,6.695,1,2009-01-19 00:00:00.000
175,2011-12-01,7.25,1,2011-11-17 00:00:00.000
175,2012-12-01,7.6125,1,2011-11-17 00:00:00.000
175,2013-07-14,9.50,1,2013-06-30 00:00:00.000
175,2013-12-01,7.4675,1,2011-11-17 00:00:00.000
175,2014-07-14,9.975,1,2013-06-30 00:00:00.000
175,2015-07-14,9.785,1,2013-06-30 00:00:00.000
176,2009-02-14,6.50,1,2009-01-31 00:00:00.000
176,2010-02-14,6.825,1,2009-01-31 00:00:00.000
176,2011-02-14,6.695,1,2009-01-31 00:00:00.000
176,2011-12-01,7.25,1,2011-11-17 00:00:00.000
176,2012-12-01,7.6125,1,2011-11-17 00:00:00.000
176,2013-07-14,9.50,1,2013-06-30 00:00:00.000
176,2013-12-01,7.4675,1,2011-11-17 00:00:00.000
176,2014-07-14,9.975,1,2013-06-30 00:00:00.000
176,2015-07-14,9.785,1,2013-06-30 00:00:00.000
177,2009-02-21,6.50,1,2009-02-07 00:00:00.000
177,2010-02-21,6.825,1,2009-02-07 00:00:00.000
177,2011-02-21,6.695,1,2009-02-07 00:00:00.000
177,2011-12-01,7.25,1,2011-11-17 00:00:00.000
177,2012-12-01,7.6125,1,2011-11-17 00:00:00.000
177,2013-07-14,9.50,1,2013-06-30 00:00:00.000
177,2013-12-01,7.4675,1,2011-11-17 00:00:00.000
177,2014-07-14,9.975,1,2013-06-30 00:00:00.000
177,2015-07-14,9.785,1,2013-06-30 00:00:00.000
178,2009-03-03,6.50,1,2009-02-17 00:00:00.000
178,2010-03-03,6.825,1,2009-02-17 00:00:00.000
178,2011-03-03,6.695,1,2009-02-17 00:00:00.000
178,2011-12-01,7.00,1,2011-11-17 00:00:00.000
178,2012-12-01,7.35,1,2011-11-17 00:00:00.000
178,2013-07-14,9.50,1,2013-06-30 00:00:00.000
178,2013-12-01,7.21,1,2011-11-17 00:00:00.000
178,2014-07-14,9.975,1,2013-06-30 00:00:00.000
178,2015-07-14,9.785,1,2013-06-30 00:00:00.000
179,2009-03-05,9.50,1,2014-06-30 00:00:00.000
179,2010-03-05,9.975,1,2014-06-30 00:00:00.000
179,2011-03-05,9.785,1,2014-06-30 00:00:00.000
179,2011-09-05,9.88,1,2014-06-30 00:00:00.000
180,2009-02-20,25.00,2,2014-06-30 00:00:00.000
180,2010-02-20,26.25,2,2014-06-30 00:00:00.000
180,2011-02-20,25.75,2,2014-06-30 00:00:00.000
180,2011-08-20,26.00,2,2014-06-30 00:00:00.000
181,2008-12-09,14.00,1,2014-06-30 00:00:00.000
181,2009-12-09,14.70,1,2014-06-30 00:00:00.000
181,2010-12-09,14.42,1,2014-06-30 00:00:00.000
181,2011-06-09,14.56,1,2014-06-30 00:00:00.000
182,2008-12-28,14.00,1,2014-06-30 00:00:00.000
182,2009-12-28,14.70,1,2014-06-30 00:00:00.000
182,2010-12-28,14.42,1,2014-06-30 00:00:00.000
182,2011-06-28,14.56,1,2014-06-30 00:00:00.000
183,2009-01-22,14.00,1,2014-06-30 00:00:00.000
183,2010-01-22,14.70,1,2014-06-30 00:00:00.000
183,2011-01-22,14.42,1,2014-06-30 00:00:00.000
183,2011-07-22,14.56,1,2014-06-30 00:00:00.000
184,2009-02-09,14.00,1,2014-06-30 00:00:00.000
184,2010-02-09,14.70,1,2014-06-30 00:00:00.000
184,2011-02-09,14.42,1,2014-06-30 00:00:00.000
184,2011-08-09,14.56,1,2014-06-30 00:00:00.000
185,2009-02-28,14.00,1,2014-06-30 00:00:00.000
185,2010-02-28,14.70,1,2014-06-30 00:00:00.000
185,2011-02-28,14.42,1,2014-06-30 00:00:00.000
185,2011-08-28,14.56,1,2014-06-30 00:00:00.000
186,2009-02-08,25.00,2,2014-06-30 00:00:00.000
186,2010-02-08,26.25,2,2014-06-30 00:00:00.000
186,2011-02-08,25.75,2,2014-06-30 00:00:00.000
186,2011-08-08,26.00,2,2014-06-30 00:00:00.000
187,2008-12-09,10.00,1,2014-06-30 00:00:00.000
187,2009-12-09,10.50,1,2014-06-30 00:00:00.000
187,2010-12-09,10.30,1,2014-06-30 00:00:00.000
187,2011-06-09,10.40,1,2014-06-30 00:00:00.000
188,2008-12-27,10.00,1,2014-06-30 00:00:00.000
188,2009-12-27,10.50,1,2014-06-30 00:00:00.000
188,2010-12-27,10.30,1,2014-06-30 00:00:00.000
188,2011-06-27,10.40,1,2014-06-30 00:00:00.000
189,2009-01-15,10.00,1,2014-06-30 00:00:00.000
189,2010-01-15,10.50,1,2014-06-30 00:00:00.000
189,2011-01-15,10.30,1,2014-06-30 00:00:00.000
189,2011-07-15,10.40,1,2014-06-30 00:00:00.000
190,2009-02-02,10.00,1,2014-06-30 00:00:00.000
190,2010-02-02,10.50,1,2014-06-30 00:00:00.000
190,2011-02-02,10.30,1,2014-06-30 00:00:00.000
190,2011-08-02,10.40,1,2014-06-30 00:00:00.000
191,2009-02-26,10.00,1,2014-06-30 00:00:00.000
191,2010-02-26,10.50,1,2014-06-30 00:00:00.000
191,2011-02-26,10.30,1,2014-06-30 00:00:00.000
191,2011-08-26,10.40,1,2014-06-30 00:00:00.000
192,2009-03-05,25.00,2,2014-06-30 00:00:00.000
192,2010-03-05,26.25,2,2014-06-30 00:00:00.000
192,2011-03-05,25.75,2,2014-06-30 00:00:00.000
192,2011-09-05,26.00,2,2014-06-30 00:00:00.000
193,2008-12-06,15.00,1,2014-06-30 00:00:00.000
193,2009-12-06,15.75,1,2014-06-30 00:00:00.000
193,2010-12-06,15.45,1,2014-06-30 00:00:00.000
193,2011-06-06,15.60,1,2014-06-30 00:00:00.000
194,2008-12-12,15.00,1,2014-06-30 00:00:00.000
194,2009-12-12,15.75,1,2014-06-30 00:00:00.000
194,2010-12-12,15.45,1,2014-06-30 00:00:00.000
194,2011-06-12,15.60,1,2014-06-30 00:00:00.000
195,2008-12-17,15.00,1,2014-06-30 00:00:00.000
195,2009-12-17,15.75,1,2014-06-30 00:00:00.000
195,2010-12-17,15.45,1,2014-06-30 00:00:00.000
195,2011-06-17,15.60,1,2014-06-30 00:00:00.000
196,2008-12-24,15.00,1,2014-06-30 00:00:00.000
196,2009-12-24,15.75,1,2014-06-30 00:00:00.000
196,2010-12-24,15.45,1,2014-06-30 00:00:00.000
196,2011-06-24,15.60,1,2014-06-30 00:00:00.000
197,2008-12-31,15.00,1,2014-06-30 00:00:00.000
197,2009-12-31,15.75,1,2014-06-30 00:00:00.000
197,2010-12-31,15.45,1,2014-06-30 00:00:00.000
197,2011-06-30,15.60,1,2014-06-30 00:00:00.000
198,2009-01-04,15.00,1,2014-06-30 00:00:00.000
198,2010-01-04,15.75,1,2014-06-30 00:00:00.000
198,2011-01-04,15.45,1,2014-06-30 00:00:00.000
198,2011-07-04,15.60,1,2014-06-30 00:00:00.000
199,2009-01-12,15.00,1,2014-06-30 00:00:00.000
199,2010-01-12,15.75,1,2014-06-30 00:00:00.000
199,2011-01-12,15.45,1,2014-06-30 00:00:00.000
199,2011-07-12,15.60,1,2014-06-30 00:00:00.000
200,2009-01-17,15.00,1,2014-06-30 00:00:00.000
200,2010-01-17,15.75,1,2014-06-30 00:00:00.000
200,2011-01-17,15.45,1,2014-06-30 00:00:00.000
200,2011-07-17,15.60,1,2014-06-30 00:00:00.000
201,2009-01-29,15.00,1,2014-06-30 00:00:00.000
201,2010-01-29,15.75,1,2014-06-30 00:00:00.000
201,2011-01-29,15.45,1,2014-06-30 00:00:00.000
201,2011-07-29,15.60,1,2014-06-30 00:00:00.000
202,2009-02-05,15.00,1,2014-06-30 00:00:00.000
202,2010-02-05,15.75,1,2014-06-30 00:00:00.000
202,2011-02-05,15.45,1,2014-06-30 00:00:00.000
202,2011-08-05,15.60,1,2014-06-30 00:00:00.000
203,2009-02-24,15.00,1,2014-06-30 00:00:00.000
203,2010-02-24,15.75,1,2014-06-30 00:00:00.000
203,2011-02-24,15.45,1,2014-06-30 00:00:00.000
203,2011-08-24,15.60,1,2014-06-30 00:00:00.000
204,2009-03-08,15.00,1,2014-06-30 00:00:00.000
204,2010-03-08,15.75,1,2014-06-30 00:00:00.000
204,2011-03-08,15.45,1,2014-06-30 00:00:00.000
204,2011-09-08,15.60,1,2014-06-30 00:00:00.000
205,2009-02-26,25.00,2,2014-06-30 00:00:00.000
205,2010-02-26,26.25,2,2014-06-30 00:00:00.000
205,2011-02-26,25.75,2,2014-06-30 00:00:00.000
205,2011-08-26,26.00,2,2014-06-30 00:00:00.000
206,2008-12-02,10.00,1,2014-06-30 00:00:00.000
206,2009-12-02,10.50,1,2014-06-30 00:00:00.000
206,2010-12-02,10.30,1,2014-06-30 00:00:00.000
206,2011-06-02,10.40,1,2014-06-30 00:00:00.000
207,2008-12-02,10.00,1,2014-06-30 00:00:00.000
207,2009-12-02,10.50,1,2014-06-30 00:00:00.000
207,2010-12-02,10.30,1,2014-06-30 00:00:00.000
207,2011-06-02,10.40,1,2014-06-30 00:00:00.000
208,2009-01-08,10.00,1,2014-06-30 00:00:00.000
208,2010-01-08,10.50,1,2014-06-30 00:00:00.000
208,2011-01-08,10.30,1,2014-06-30 00:00:00.000
208,2011-07-08,10.40,1,2014-06-30 00:00:00.000
209,2009-01-27,10.00,1,2014-06-30 00:00:00.000
209,2010-01-27,10.50,1,2014-06-30 00:00:00.000
209,2011-01-27,10.30,1,2014-06-30 00:00:00.000
209,2011-07-27,10.40,1,2014-06-30 00:00:00.000
210,2009-02-20,10.00,1,2014-06-30 00:00:00.000
210,2010-02-20,10.50,1,2014-06-30 00:00:00.000
210,2011-02-20,10.30,1,2014-06-30 00:00:00.000
210,2011-08-20,10.40,1,2014-06-30 00:00:00.000
211,2009-02-28,28.8462,2,2014-06-30 00:00:00.000
211,2010-02-28,30.2885,2,2014-06-30 00:00:00.000
211,2011-02-28,29.7116,2,2014-06-30 00:00:00.000
211,2011-08-28,30.00,2,2014-06-30 00:00:00.000
212,2008-12-09,21.6346,2,2014-06-30 00:00:00.000
212,2009-12-09,22.7163,2,2014-06-30 00:00:00.000
212,2010-12-09,22.2836,2,2014-06-30 00:00:00.000
212,2011-06-09,22.50,2,2014-06-30 00:00:00.000
213,2010-02-23,10.5769,2,2014-06-30 00:00:00.000
213,2011-02-23,11.1057,2,2014-06-30 00:00:00.000
213,2012-02-23,10.8942,2,2014-06-30 00:00:00.000
213,2012-08-23,11.00,2,2014-06-30 00:00:00.000
214,2009-02-02,10.5769,2,2014-06-30 00:00:00.000
214,2010-02-02,11.1057,2,2014-06-30 00:00:00.000
214,2011-02-02,10.8942,2,2014-06-30 00:00:00.000
214,2011-08-02,11.00,2,2014-06-30 00:00:00.000
215,2009-01-15,10.5769,2,2014-06-30 00:00:00.000
215,2010-01-15,11.1057,2,2014-06-30 00:00:00.000
215,2011-01-15,10.8942,2,2014-06-30 00:00:00.000
215,2011-07-15,11.00,2,2014-06-30 00:00:00.000
216,2008-12-28,10.5769,2,2014-06-30 00:00:00.000
216,2009-12-28,11.1057,2,2014-06-30 00:00:00.000
216,2010-12-28,10.8942,2,2014-06-30 00:00:00.000
216,2011-06-28,11.00,2,2014-06-30 00:00:00.000
217,2009-01-04,17.7885,2,2014-06-30 00:00:00.000
217,2010-01-04,18.6779,2,2014-06-30 00:00:00.000
217,2011-01-04,18.3222,2,2014-06-30 00:00:00.000
217,2011-07-04,18.50,2,2014-06-30 00:00:00.000
218,2008-12-16,16.8269,2,2014-06-30 00:00:00.000
218,2009-12-16,17.6682,2,2014-06-30 00:00:00.000
218,2010-12-16,17.3317,2,2014-06-30 00:00:00.000
218,2011-06-16,17.50,2,2014-06-30 00:00:00.000
219,2009-01-22,10.25,2,2014-06-30 00:00:00.000
219,2010-01-22,10.7625,2,2014-06-30 00:00:00.000
219,2011-01-22,10.5575,2,2014-06-30 00:00:00.000
219,2011-07-22,10.66,2,2014-06-30 00:00:00.000
220,2009-02-09,10.25,2,2014-06-30 00:00:00.000
220,2010-02-09,10.7625,2,2014-06-30 00:00:00.000
220,2011-02-09,10.5575,2,2014-06-30 00:00:00.000
220,2011-08-09,10.66,2,2014-06-30 00:00:00.000
221,2009-03-06,16.8269,2,2014-06-30 00:00:00.000
221,2010-03-06,17.6682,2,2014-06-30 00:00:00.000
221,2011-03-06,17.3317,2,2014-06-30 00:00:00.000
221,2011-09-06,17.50,2,2014-06-30 00:00:00.000
222,2008-12-12,23.5577,2,2014-06-30 00:00:00.000
222,2009-12-12,24.7356,2,2014-06-30 00:00:00.000
222,2010-12-12,24.2644,2,2014-06-30 00:00:00.000
222,2011-06-12,24.50,2,2014-06-30 00:00:00.000
223,2009-01-26,16.00,2,2014-06-30 00:00:00.000
223,2010-01-26,16.80,2,2014-06-30 00:00:00.000
223,2011-01-26,16.48,2,2014-06-30 00:00:00.000
223,2011-07-26,16.64,2,2014-06-30 00:00:00.000
224,2008-01-08,8.62,2,2007-12-25 00:00:00.000
224,2009-01-08,9.051,2,2007-12-25 00:00:00.000
224,2010-01-08,8.8786,2,2007-12-25 00:00:00.000
224,2011-08-31,13.50,2,2011-08-17 00:00:00.000
224,2012-01-01,16.00,2,2011-12-18 00:00:00.000
224,2012-08-31,14.175,2,2011-08-17 00:00:00.000
224,2013-01-01,16.80,2,2011-12-18 00:00:00.000
224,2013-08-31,13.905,2,2011-08-17 00:00:00.000
224,2014-01-01,16.48,2,2011-12-18 00:00:00.000
225,2009-02-13,16.00,2,2014-06-30 00:00:00.000
225,2010-02-13,16.80,2,2014-06-30 00:00:00.000
225,2011-02-13,16.48,2,2014-06-30 00:00:00.000
225,2011-08-13,16.64,2,2014-06-30 00:00:00.000
226,2009-03-03,16.00,2,2014-06-30 00:00:00.000
226,2010-03-03,16.80,2,2014-06-30 00:00:00.000
226,2011-03-03,16.48,2,2014-06-30 00:00:00.000
226,2011-09-03,16.64,2,2014-06-30 00:00:00.000
227,2009-12-02,24.0385,2,2014-06-30 00:00:00.000
227,2010-12-02,25.2404,2,2014-06-30 00:00:00.000
227,2011-12-02,24.7597,2,2014-06-30 00:00:00.000
227,2012-06-02,25.00,2,2014-06-30 00:00:00.000
228,2008-12-14,20.4327,2,2014-06-30 00:00:00.000
228,2009-12-14,21.4543,2,2014-06-30 00:00:00.000
228,2010-12-14,21.0457,2,2014-06-30 00:00:00.000
228,2011-06-14,21.25,2,2014-06-30 00:00:00.000
229,2010-02-16,9.25,1,2014-06-30 00:00:00.000
229,2011-02-16,9.7125,1,2014-06-30 00:00:00.000
229,2012-02-16,9.5275,1,2014-06-30 00:00:00.000
229,2012-08-16,9.62,1,2014-06-30 00:00:00.000
230,2010-03-05,9.25,1,2014-06-30 00:00:00.000
230,2011-03-05,9.7125,1,2014-06-30 00:00:00.000
230,2012-03-05,9.5275,1,2014-06-30 00:00:00.000
230,2012-09-05,9.62,1,2014-06-30 00:00:00.000
231,2010-03-07,9.25,1,2014-06-30 00:00:00.000
231,2011-03-07,9.7125,1,2014-06-30 00:00:00.000
231,2012-03-07,9.5275,1,2014-06-30 00:00:00.000
231,2012-09-07,9.62,1,2014-06-30 00:00:00.000
232,2010-01-27,9.25,1,2014-06-30 00:00:00.000
232,2011-01-27,9.7125,1,2014-06-30 00:00:00.000
232,2012-01-27,9.5275,1,2014-06-30 00:00:00.000
232,2012-07-27,9.62,1,2014-06-30 00:00:00.000
233,2009-12-21,9.75,2,2014-06-30 00:00:00.000
233,2010-12-21,10.2375,2,2014-06-30 00:00:00.000
233,2011-12-21,10.0425,2,2014-06-30 00:00:00.000
233,2012-06-21,10.14,2,2014-06-30 00:00:00.000
234,2009-01-31,39.06,2,2009-01-17 00:00:00.000
234,2010-01-31,41.013,2,2009-01-17 00:00:00.000
234,2011-01-31,40.2318,2,2009-01-17 00:00:00.000
234,2011-11-14,48.5577,2,2011-10-31 00:00:00.000
234,2012-01-29,60.0962,2,2012-01-15 00:00:00.000
234,2012-11-14,50.9856,2,2011-10-31 00:00:00.000
234,2013-01-29,63.101,2,2012-01-15 00:00:00.000
234,2013-11-14,50.0144,2,2011-10-31 00:00:00.000
234,2014-01-29,61.8991,2,2012-01-15 00:00:00.000
235,2008-12-06,27.1394,2,2014-06-30 00:00:00.000
235,2009-12-06,28.4964,2,2014-06-30 00:00:00.000
235,2010-12-06,27.9536,2,2014-06-30 00:00:00.000
235,2011-06-06,28.225,2,2014-06-30 00:00:00.000
236,2009-02-25,13.9423,2,2014-06-30 00:00:00.000
236,2010-02-25,14.6394,2,2014-06-30 00:00:00.000
236,2011-02-25,14.3606,2,2014-06-30 00:00:00.000
236,2011-08-25,14.50,2,2014-06-30 00:00:00.000
237,2009-02-06,13.9423,2,2014-06-30 00:00:00.000
237,2010-02-06,14.6394,2,2014-06-30 00:00:00.000
237,2011-02-06,14.3606,2,2014-06-30 00:00:00.000
237,2011-08-06,14.50,2,2014-06-30 00:00:00.000
238,2009-01-01,18.2692,2,2014-06-30 00:00:00.000
238,2010-01-01,19.1827,2,2014-06-30 00:00:00.000
238,2011-01-01,18.8173,2,2014-06-30 00:00:00.000
238,2011-07-01,19.00,2,2014-06-30 00:00:00.000
239,2008-12-25,16.5865,2,2014-06-30 00:00:00.000
239,2009-12-25,17.4158,2,2014-06-30 00:00:00.000
239,2010-12-25,17.0841,2,2014-06-30 00:00:00.000
239,2011-06-25,17.25,2,2014-06-30 00:00:00.000
240,2008-12-13,18.2692,2,2014-06-30 00:00:00.000
240,2009-12-13,19.1827,2,2014-06-30 00:00:00.000
240,2010-12-13,18.8173,2,2014-06-30 00:00:00.000
240,2011-06-13,19.00,2,2014-06-30 00:00:00.000
241,2009-01-30,34.7356,2,2014-06-30 00:00:00.000
241,2010-01-30,36.4724,2,2014-06-30 00:00:00.000
241,2011-01-30,35.7777,2,2014-06-30 00:00:00.000
241,2011-07-30,36.125,2,2014-06-30 00:00:00.000
242,2008-12-18,19.00,2,2014-06-30 00:00:00.000
242,2009-12-18,19.95,2,2014-06-30 00:00:00.000
242,2010-12-18,19.57,2,2014-06-30 00:00:00.000
242,2011-06-18,19.76,2,2014-06-30 00:00:00.000
243,2009-01-06,19.00,2,2014-06-30 00:00:00.000
243,2010-01-06,19.95,2,2014-06-30 00:00:00.000
243,2011-01-06,19.57,2,2014-06-30 00:00:00.000
243,2011-07-06,19.76,2,2014-06-30 00:00:00.000
244,2009-01-24,19.00,2,2014-06-30 00:00:00.000
244,2010-01-24,19.95,2,2014-06-30 00:00:00.000
244,2011-01-24,19.57,2,2014-06-30 00:00:00.000
244,2011-07-24,19.76,2,2014-06-30 00:00:00.000
245,2009-02-18,26.4423,2,2014-06-30 00:00:00.000
245,2010-02-18,27.7644,2,2014-06-30 00:00:00.000
245,2011-02-18,27.2356,2,2014-06-30 00:00:00.000
245,2011-08-18,27.50,2,2014-06-30 00:00:00.000
246,2009-02-11,19.00,2,2014-06-30 00:00:00.000
246,2010-02-11,19.95,2,2014-06-30 00:00:00.000
246,2011-02-11,19.57,2,2014-06-30 00:00:00.000
246,2011-08-11,19.76,2,2014-06-30 00:00:00.000
247,2009-03-01,19.00,2,2014-06-30 00:00:00.000
247,2010-03-01,19.95,2,2014-06-30 00:00:00.000
247,2011-03-01,19.57,2,2014-06-30 00:00:00.000
247,2011-09-01,19.76,2,2014-06-30 00:00:00.000
248,2009-03-08,26.4423,2,2014-06-30 00:00:00.000
248,2010-03-08,27.7644,2,2014-06-30 00:00:00.000
248,2011-03-08,27.2356,2,2014-06-30 00:00:00.000
248,2011-09-08,27.50,2,2014-06-30 00:00:00.000
249,2008-12-25,43.2692,2,2014-06-30 00:00:00.000
249,2009-12-25,45.4327,2,2014-06-30 00:00:00.000
249,2010-12-25,44.5673,2,2014-06-30 00:00:00.000
249,2011-06-25,45.00,2,2014-06-30 00:00:00.000
250,2011-02-21,9.86,2,2011-02-07 00:00:00.000
250,2011-07-30,22.50,2,2011-07-16 00:00:00.000
250,2012-02-21,10.353,2,2011-02-07 00:00:00.000
250,2012-07-14,30.00,2,2012-06-30 00:00:00.000
250,2012-07-30,23.625,2,2011-07-16 00:00:00.000
250,2013-02-21,10.1558,2,2011-02-07 00:00:00.000
250,2013-07-14,31.50,2,2012-06-30 00:00:00.000
250,2013-07-30,23.175,2,2011-07-16 00:00:00.000
250,2014-07-14,30.90,2,2012-06-30 00:00:00.000
251,2009-02-10,18.2692,2,2014-06-30 00:00:00.000
251,2010-02-10,19.1827,2,2014-06-30 00:00:00.000
251,2011-02-10,18.8173,2,2014-06-30 00:00:00.000
251,2011-08-10,19.00,2,2014-06-30 00:00:00.000
252,2009-02-28,18.2692,2,2014-06-30 00:00:00.000
252,2010-02-28,19.1827,2,2014-06-30 00:00:00.000
252,2011-02-28,18.8173,2,2014-06-30 00:00:00.000
252,2011-08-28,19.00,2,2014-06-30 00:00:00.000
253,2009-12-17,18.2692,2,2014-06-30 00:00:00.000
253,2010-12-17,19.1827,2,2014-06-30 00:00:00.000
253,2011-12-17,18.8173,2,2014-06-30 00:00:00.000
253,2012-06-17,19.00,2,2014-06-30 00:00:00.000
254,2010-01-04,18.2692,2,2014-06-30 00:00:00.000
254,2011-01-04,19.1827,2,2014-06-30 00:00:00.000
254,2012-01-04,18.8173,2,2014-06-30 00:00:00.000
254,2012-07-04,19.00,2,2014-06-30 00:00:00.000
255,2010-01-11,18.2692,2,2014-06-30 00:00:00.000
255,2011-01-11,19.1827,2,2014-06-30 00:00:00.000
255,2012-01-11,18.8173,2,2014-06-30 00:00:00.000
255,2012-07-11,19.00,2,2014-06-30 00:00:00.000
256,2010-01-23,18.2692,2,2014-06-30 00:00:00.000
256,2011-01-23,19.1827,2,2014-06-30 00:00:00.000
256,2012-01-23,18.8173,2,2014-06-30 00:00:00.000
256,2012-07-23,19.00,2,2014-06-30 00:00:00.000
257,2010-01-27,18.2692,2,2014-06-30 00:00:00.000
257,2011-01-27,19.1827,2,2014-06-30 00:00:00.000
257,2012-01-27,18.8173,2,2014-06-30 00:00:00.000
257,2012-07-27,19.00,2,2014-06-30 00:00:00.000
258,2010-01-31,18.2692,2,2014-06-30 00:00:00.000
258,2011-01-31,19.1827,2,2014-06-30 00:00:00.000
258,2012-01-31,18.8173,2,2014-06-30 00:00:00.000
258,2012-07-31,19.00,2,2014-06-30 00:00:00.000
259,2010-03-09,18.2692,2,2014-06-30 00:00:00.000
259,2011-03-09,19.1827,2,2014-06-30 00:00:00.000
259,2012-03-09,18.8173,2,2014-06-30 00:00:00.000
259,2012-09-09,19.00,2,2014-06-30 00:00:00.000
260,2010-12-06,12.75,2,2014-06-30 00:00:00.000
260,2011-12-06,13.3875,2,2014-06-30 00:00:00.000
260,2012-12-06,13.1325,2,2014-06-30 00:00:00.000
260,2013-06-06,13.26,2,2014-06-30 00:00:00.000
261,2010-12-25,12.75,2,2014-06-30 00:00:00.000
261,2011-12-25,13.3875,2,2014-06-30 00:00:00.000
261,2012-12-25,13.1325,2,2014-06-30 00:00:00.000
261,2013-06-25,13.26,2,2014-06-30 00:00:00.000
262,2009-01-12,13.4615,2,2014-06-30 00:00:00.000
262,2010-01-12,14.1346,2,2014-06-30 00:00:00.000
262,2011-01-12,13.8653,2,2014-06-30 00:00:00.000
262,2011-07-12,14.00,2,2014-06-30 00:00:00.000
263,2008-12-11,50.4808,2,2014-06-30 00:00:00.000
263,2009-12-11,53.0048,2,2014-06-30 00:00:00.000
263,2010-12-11,51.9952,2,2014-06-30 00:00:00.000
263,2011-06-11,52.50,2,2014-06-30 00:00:00.000
264,2009-02-04,39.6635,2,2014-06-30 00:00:00.000
264,2010-02-04,41.6467,2,2014-06-30 00:00:00.000
264,2011-02-04,40.8534,2,2014-06-30 00:00:00.000
264,2011-08-04,41.25,2,2014-06-30 00:00:00.000
265,2008-12-04,32.4519,2,2014-06-30 00:00:00.000
265,2009-12-04,34.0745,2,2014-06-30 00:00:00.000
265,2010-12-04,33.4255,2,2014-06-30 00:00:00.000
265,2011-06-04,33.75,2,2014-06-30 00:00:00.000
266,2009-02-23,32.4519,2,2014-06-30 00:00:00.000
266,2010-02-23,34.0745,2,2014-06-30 00:00:00.000
266,2011-02-23,33.4255,2,2014-06-30 00:00:00.000
266,2011-08-23,33.75,2,2014-06-30 00:00:00.000
267,2009-02-16,27.4038,2,2014-06-30 00:00:00.000
267,2010-02-16,28.774,2,2014-06-30 00:00:00.000
267,2011-02-16,28.2259,2,2014-06-30 00:00:00.000
267,2011-08-16,28.50,2,2014-06-30 00:00:00.000
268,2009-02-03,27.4038,2,2014-06-30 00:00:00.000
268,2010-02-03,28.774,2,2014-06-30 00:00:00.000
268,2011-02-03,28.2259,2,2014-06-30 00:00:00.000
268,2011-08-03,28.50,2,2014-06-30 00:00:00.000
269,2009-01-11,27.4038,2,2014-06-30 00:00:00.000
269,2010-01-11,28.774,2,2014-06-30 00:00:00.000
269,2011-01-11,28.2259,2,2014-06-30 00:00:00.000
269,2011-07-11,28.50,2,2014-06-30 00:00:00.000
270,2009-01-17,38.4615,2,2014-06-30 00:00:00.000
270,2010-01-17,40.3846,2,2014-06-30 00:00:00.000
270,2011-01-17,39.6153,2,2014-06-30 00:00:00.000
270,2011-07-17,40.00,2,2014-06-30 00:00:00.000
271,2009-01-22,38.4615,2,2014-06-30 00:00:00.000
271,2010-01-22,40.3846,2,2014-06-30 00:00:00.000
271,2011-01-22,39.6153,2,2014-06-30 00:00:00.000
271,2011-07-22,40.00,2,2014-06-30 00:00:00.000
272,2008-12-23,27.4038,2,2014-06-30 00:00:00.000
272,2009-12-23,28.774,2,2014-06-30 00:00:00.000
272,2010-12-23,28.2259,2,2014-06-30 00:00:00.000
272,2011-06-23,28.50,2,2014-06-30 00:00:00.000
273,2011-02-15,72.1154,2,2014-06-30 00:00:00.000
273,2012-02-15,75.7212,2,2014-06-30 00:00:00.000
273,2013-02-15,74.2789,2,2014-06-30 00:00:00.000
273,2013-08-15,75.00,2,2014-06-30 00:00:00.000
274,2011-01-04,48.101,2,2014-06-30 00:00:00.000
274,2012-01-04,50.5061,2,2014-06-30 00:00:00.000
274,2013-01-04,49.544,2,2014-06-30 00:00:00.000
274,2013-07-04,50.025,2,2014-06-30 00:00:00.000
275,2011-05-31,23.0769,2,2014-06-30 00:00:00.000
275,2012-05-31,24.2307,2,2014-06-30 00:00:00.000
275,2013-05-31,23.7692,2,2014-06-30 00:00:00.000
275,2013-11-30,24.00,2,2014-06-30 00:00:00.000
276,2011-05-31,23.0769,2,2014-06-30 00:00:00.000
276,2012-05-31,24.2307,2,2014-06-30 00:00:00.000
276,2013-05-31,23.7692,2,2014-06-30 00:00:00.000
276,2013-11-30,24.00,2,2014-06-30 00:00:00.000
277,2011-05-31,23.0769,2,2014-06-30 00:00:00.000
277,2012-05-31,24.2307,2,2014-06-30 00:00:00.000
277,2013-05-31,23.7692,2,2014-06-30 00:00:00.000
277,2013-11-30,24.00,2,2014-06-30 00:00:00.000
278,2011-05-31,23.0769,2,2014-06-30 00:00:00.000
278,2012-05-31,24.2307,2,2014-06-30 00:00:00.000
278,2013-05-31,23.7692,2,2014-06-30 00:00:00.000
278,2013-11-30,24.00,2,2014-06-30 00:00:00.000
279,2011-05-31,23.0769,2,2014-06-30 00:00:00.000
279,2012-05-31,24.2307,2,2014-06-30 00:00:00.000
279,2013-05-31,23.7692,2,2014-06-30 00:00:00.000
279,2013-11-30,24.00,2,2014-06-30 00:00:00.000
280,2011-05-31,23.0769,2,2014-06-30 00:00:00.000
280,2012-05-31,24.2307,2,2014-06-30 00:00:00.000
280,2013-05-31,23.7692,2,2014-06-30 00:00:00.000
280,2013-11-30,24.00,2,2014-06-30 00:00:00.000
281,2011-05-31,23.0769,2,2014-06-30 00:00:00.000
281,2012-05-31,24.2307,2,2014-06-30 00:00:00.000
281,2013-05-31,23.7692,2,2014-06-30 00:00:00.000
281,2013-11-30,24.00,2,2014-06-30 00:00:00.000
282,2011-05-31,23.0769,2,2014-06-30 00:00:00.000
282,2012-05-31,24.2307,2,2014-06-30 00:00:00.000
282,2013-05-31,23.7692,2,2014-06-30 00:00:00.000
282,2013-11-30,24.00,2,2014-06-30 00:00:00.000
283,2011-05-31,23.0769,2,2014-06-30 00:00:00.000
283,2012-05-31,24.2307,2,2014-06-30 00:00:00.000
283,2013-05-31,23.7692,2,2014-06-30 00:00:00.000
283,2013-11-30,24.00,2,2014-06-30 00:00:00.000
284,2012-09-30,23.0769,2,2014-06-30 00:00:00.000
284,2013-09-30,24.2307,2,2014-06-30 00:00:00.000
284,2014-09-30,23.7692,2,2014-06-30 00:00:00.000
284,2015-03-30,24.00,2,2014-06-30 00:00:00.000
285,2013-03-14,48.101,2,2014-06-30 00:00:00.000
285,2014-03-14,50.5061,2,2014-06-30 00:00:00.000
285,2015-03-14,49.544,2,2014-06-30 00:00:00.000
285,2015-09-14,50.025,2,2014-06-30 00:00:00.000
286,2013-05-30,23.0769,2,2014-06-30 00:00:00.000
286,2014-05-30,24.2307,2,2014-06-30 00:00:00.000
286,2015-05-30,23.7692,2,2014-06-30 00:00:00.000
286,2015-11-30,24.00,2,2014-06-30 00:00:00.000
287,2012-04-16,48.101,2,2014-06-30 00:00:00.000
287,2013-04-16,50.5061,2,2014-06-30 00:00:00.000
287,2014-04-16,49.544,2,2014-06-30 00:00:00.000
287,2014-10-16,50.025,2,2014-06-30 00:00:00.000
288,2013-05-30,23.0769,2,2014-06-30 00:00:00.000
288,2014-05-30,24.2307,2,2014-06-30 00:00:00.000
288,2015-05-30,23.7692,2,2014-06-30 00:00:00.000
288,2015-11-30,24.00,2,2014-06-30 00:00:00.000
289,2012-05-30,23.0769,2,2014-06-30 00:00:00.000
289,2013-05-30,24.2307,2,2014-06-30 00:00:00.000
289,2014-05-30,23.7692,2,2014-06-30 00:00:00.000
289,2014-11-30,24.00,2,2014-06-30 00:00:00.000
290,2012-05-30,23.0769,2,2014-06-30 00:00:00.000
290,2013-05-30,24.2307,2,2014-06-30 00:00:00.000
290,2014-05-30,23.7692,2,2014-06-30 00:00:00.000
290,2014-11-30,24.00,2,2014-06-30 00:00:00.000
